metric,count
opcode,8
total instruction count,1429504
workitems,4096
operand sum,1.4295e+06
total # of barriers hit,0
min instructions to barrier,349
max instructions to barrier,349
median instructions to barrier,349
min instructions executed by a work-item,349
max instructions executed by a work-item,349
median instructions executed by a work-item,349
max simd width,1
mean simd width,1
stdev simd width,0
granularity,6.99543e-07
barriers per instruction,6.99543e-07
instructions per operand,1
total memory footprint,6144
90% memory footprint,1959
global memory address entropy,11.3807
local memory address entropy -- 1 LSBs skipped,11.3815
local memory address entropy -- 2 LSBs skipped,11.3815
local memory address entropy -- 3 LSBs skipped,10.3815
local memory address entropy -- 4 LSBs skipped,9.38174
local memory address entropy -- 5 LSBs skipped,8.63219
local memory address entropy -- 6 LSBs skipped,7.78179
local memory address entropy -- 7 LSBs skipped,7.03307
local memory address entropy -- 8 LSBs skipped,6.31996
local memory address entropy -- 9 LSBs skipped,5.38191
local memory address entropy -- 10 LSBs skipped,4.4429
total unique branch instructions,1
90% branch instructions,1
branch entropy (yokota),4
branch entropy (average linear),0.117645
