metric,count
opcode,10
total instruction count,916480
workitems,320
operand sum,916480
total # of barriers hit,0
min instructions to barrier,2520
max instructions to barrier,3208
median instructions to barrier,2864
min instructions executed by a work-item,2520
max instructions executed by a work-item,3208
median instructions executed by a work-item,2864
max simd width,1
mean simd width,1
stdev simd width,0
granularity,1.09113e-06
barriers per instruction,1.09113e-06
instructions per operand,1
total memory footprint,5376
90% memory footprint,4418
global memory address entropy,12.0194
local memory address entropy -- 1 LSBs skipped,12.0198
local memory address entropy -- 2 LSBs skipped,12.0198
local memory address entropy -- 3 LSBs skipped,11.0199
local memory address entropy -- 4 LSBs skipped,10.0204
local memory address entropy -- 5 LSBs skipped,9.32186
local memory address entropy -- 6 LSBs skipped,8.53417
local memory address entropy -- 7 LSBs skipped,7.87732
local memory address entropy -- 8 LSBs skipped,7.34915
local memory address entropy -- 9 LSBs skipped,6.80676
local memory address entropy -- 10 LSBs skipped,6.17847
total unique branch instructions,5
90% branch instructions,3
branch entropy (yokota),85.282
branch entropy (average linear),0.218771
