metric,count
opcode,10
total instruction count,366592
workitems,128
operand sum,366592
total # of barriers hit,0
min instructions to barrier,2520
max instructions to barrier,3208
median instructions to barrier,2864
max simd width,1
mean simd width,1
stdev simd width,0
granularity,2.72783e-06
barriers per instruction,2.72783e-06
instructions per operand,1
total memory footprint,1160
90% memory footprint,935
global memory address entropy,10.0153
local memory address entropy -- 1 LSBs skipped,10.0152
local memory address entropy -- 2 LSBs skipped,10.0152
local memory address entropy -- 3 LSBs skipped,9.03132
local memory address entropy -- 4 LSBs skipped,8.05936
local memory address entropy -- 5 LSBs skipped,7.11446
local memory address entropy -- 6 LSBs skipped,6.22396
local memory address entropy -- 7 LSBs skipped,6.22396
local memory address entropy -- 8 LSBs skipped,6.22396
local memory address entropy -- 9 LSBs skipped,5.48388
local memory address entropy -- 10 LSBs skipped,4.55198
total unique branch instructions,5
90% branch instructions,3
branch entropy (yokota),85.282
branch entropy (average linear),0.218556
