metric,count
opcode,10
total instruction count,1099776
workitems,384
operand sum,1.09978e+06
total # of barriers hit,0
min instructions to barrier,2520
max instructions to barrier,3208
median instructions to barrier,2864
max simd width,1
mean simd width,1
stdev simd width,0
granularity,9.09276e-07
barriers per instruction,9.09276e-07
instructions per operand,1
total memory footprint,3208
90% memory footprint,2531
global memory address entropy,11.1918
local memory address entropy -- 1 LSBs skipped,11.1919
local memory address entropy -- 2 LSBs skipped,11.1919
local memory address entropy -- 3 LSBs skipped,10.208
local memory address entropy -- 4 LSBs skipped,9.23609
local memory address entropy -- 5 LSBs skipped,8.2912
local memory address entropy -- 6 LSBs skipped,7.40071
local memory address entropy -- 7 LSBs skipped,7.40071
local memory address entropy -- 8 LSBs skipped,7.4007
local memory address entropy -- 9 LSBs skipped,7.40071
local memory address entropy -- 10 LSBs skipped,7.2528
total unique branch instructions,5
90% branch instructions,3
branch entropy (yokota),85.282
branch entropy (average linear),0.218822
