metric,count
opcode,10
total instruction count,183296
workitems,64
operand sum,183296
total # of barriers hit,0
min instructions to barrier,2520
max instructions to barrier,3208
median instructions to barrier,2864
max simd width,1
mean simd width,1
stdev simd width,0
granularity,5.45566e-06
barriers per instruction,5.45566e-06
instructions per operand,1
total memory footprint,648
90% memory footprint,536
global memory address entropy,9.27279
local memory address entropy -- 1 LSBs skipped,9.2728
local memory address entropy -- 2 LSBs skipped,9.2728
local memory address entropy -- 3 LSBs skipped,8.28888
local memory address entropy -- 4 LSBs skipped,7.31692
local memory address entropy -- 5 LSBs skipped,6.37202
local memory address entropy -- 6 LSBs skipped,5.48152
local memory address entropy -- 7 LSBs skipped,5.48152
local memory address entropy -- 8 LSBs skipped,5.48152
local memory address entropy -- 9 LSBs skipped,5.48152
local memory address entropy -- 10 LSBs skipped,5.37072
total unique branch instructions,5
90% branch instructions,3
branch entropy (yokota),85.282
branch entropy (average linear),0.218154
