metric,count
opcode,8
total instruction count,12865536
workitems,36864
operand sum,1.28655e+07
total # of barriers hit,0
min instructions to barrier,349
max instructions to barrier,349
median instructions to barrier,349
max simd width,1
mean simd width,1
stdev simd width,0
granularity,7.7727e-08
barriers per instruction,7.7727e-08
instructions per operand,1
total memory footprint,23040
90% memory footprint,4340
global memory address entropy,12.5294
local memory address entropy -- 1 LSBs skipped,12.5297
local memory address entropy -- 2 LSBs skipped,12.5297
local memory address entropy -- 3 LSBs skipped,11.5319
local memory address entropy -- 4 LSBs skipped,10.5305
local memory address entropy -- 5 LSBs skipped,9.5302
local memory address entropy -- 6 LSBs skipped,8.53037
local memory address entropy -- 7 LSBs skipped,8.02535
local memory address entropy -- 8 LSBs skipped,7.5265
local memory address entropy -- 9 LSBs skipped,6.94831
local memory address entropy -- 10 LSBs skipped,6.32163
total unique branch instructions,1
90% branch instructions,1
branch entropy (yokota),4
branch entropy (average linear),0.117647
