metric,count
opcode,10
total instruction count,916480
workitems,320
operand sum,916480
total # of barriers hit,0
min instructions to barrier,2520
max instructions to barrier,3208
median instructions to barrier,2864
max simd width,1
mean simd width,1
stdev simd width,0
granularity,1.09113e-06
barriers per instruction,1.09113e-06
instructions per operand,1
total memory footprint,2696
90% memory footprint,2132
global memory address entropy,10.9966
local memory address entropy -- 1 LSBs skipped,10.9967
local memory address entropy -- 2 LSBs skipped,10.9967
local memory address entropy -- 3 LSBs skipped,10.0127
local memory address entropy -- 4 LSBs skipped,9.04078
local memory address entropy -- 5 LSBs skipped,8.09593
local memory address entropy -- 6 LSBs skipped,7.20541
local memory address entropy -- 7 LSBs skipped,7.20542
local memory address entropy -- 8 LSBs skipped,7.20542
local memory address entropy -- 9 LSBs skipped,7.20541
local memory address entropy -- 10 LSBs skipped,7.06497
total unique branch instructions,5
90% branch instructions,3
branch entropy (yokota),85.282
branch entropy (average linear),0.218795
