metric,count
opcode,11
total instruction count,728064
workitems,1024
operand sum,958464
total # of barriers hit,0
min instructions to barrier,711
max instructions to barrier,711
median instructions to barrier,711
max simd width,2
mean simd width,1.31646
stdev simd width,0.465093
granularity,1.37351e-06
barriers per instruction,1.37351e-06
instructions per operand,0.759615
total memory footprint,12289
90% memory footprint,9115
global memory address entropy,7.9675
local memory address entropy -- 1 LSBs skipped,7.96759
local memory address entropy -- 2 LSBs skipped,7.96759
local memory address entropy -- 3 LSBs skipped,7.96759
local memory address entropy -- 4 LSBs skipped,7.45112
local memory address entropy -- 5 LSBs skipped,6.93473
local memory address entropy -- 6 LSBs skipped,6.41863
local memory address entropy -- 7 LSBs skipped,5.9025
local memory address entropy -- 8 LSBs skipped,5.38634
local memory address entropy -- 9 LSBs skipped,4.87021
local memory address entropy -- 10 LSBs skipped,4.35409
total unique branch instructions,0
90% branch instructions,0
branch entropy (yokota),0
branch entropy (average linear),-nan
